layer	Ms	Ku	Kdir	J	J2	alpha	N	th	AMR	SMR	AHE	Rx0	Ry0	w	l	p	h_dl	h_fl	Hoe	Hoedir
1	1.65	1.15e+03	[0.995893206467704, 0.09053574604251853, 0.0]	-0.0008	-0.000169	0.001	[0.00116298, 0.000227086, 0.99861]	4e-09	-0.02	-0.25	-2.3	100	120	20	30	[0.0, 0.0, 0.0]	0	0	1.25e+03	[0, 1, 0]
2	1.65	1.15e+03	[0.9938837346736189, 0.11043152607484655, 0.0]	0	0	0.001	[0.00116298, 0.000227086, 0.99861]	3e-09	-0.02	-0.25	-2.3	100	120	20	30	[0.0, 0.0, 0.0]	0	0	-1.25e+03	[0, 1, 0]
