layer	Ms	Ku	Kdir	J	alpha	th	N	AMR	SMR	AHE	Rx0	Ry0	w	l
1	1.07	100	[0 0 1]	4e-05	0.035	1e-09	[0 0 1]	0.000102	0.000804	1.37	160	-0.928	3e-05	2e-05
