layer	Ms	Ku	Kdir	J	J2	alpha	N	th	AMR	SMR	AHE	Rx0	Ry0	w	l	p	h_dl	h_fl	Hoe	Hoedir
1	1.65	1.05e+03	[1.0, 0.0, 0.0]	-0.00178	-0.000169	0.001	[0.00116298, 0.000227086, 0.99861]	4e-09	-0.046	-0.24	-2.7	100	1	20	30	[0.0, 0.0, 0.0]	0	0	1.25e+04	[0, 1, 0]
2	1.65	1.05e+03	[1.0, 0.0, 0.0]	0	0	0.001	[0.00116298, 0.000227086, 0.99861]	3.99e-09	-0.046	-0.24	-2.7	100	1	20	30	[0.0, 0.0, 0.0]	0	0	1.25e+04	[0, 1, 0]
