layer	Ms	Ku	Kdir	J	alpha	N	th	AMR	SMR	AHE	Rx0	Ry0	w	l	p	lam	beta	eng	Hoe	Hoedir
1	1.07	728000.0	[0.3400931625768937, -0.08702383865938161, 0.9363564984947947]	4e-05	0.01	[0.0002, 0.001, 0.99]	1e-09	0.02	0.01	0.01	100.0	120.0	20.0	30.0	[0.0, 0.0, 1.0]	0.0	0.0	0.0	12500.0	[0, 1, 0]
2	1.07	305000.0	[0.0, -0.08754141077942507, 0.9961608812831129]	0.0	0.01	[0.0002, 0.001, 0.99]	1e-09	0.02	0.01	0.01	100.0	120.0	20.0	30.0	[0.0, 0.0, 1.0]	0.0	0.0	0.0	12500.0	[0, 1, 0]
