layer	Ms	Ku	Kdir	J	alpha	th	N	AMR	SMR	AHE	Rx0	Ry0	w	l
1	1.07	728000	[0.34071865342161006 -0.08715574274765817 0.9361168066628592]	4E-05	0.01	1E-09	[0.00022708623583019705 0.0011629799534817735 0.99861]	0.02	0.01	0.01	100	120	20	30
2	1.07	305000	[0 -0.0871557 0.996195]	0	0.01	1E-09	[0.00022708623583019705 0.0011629799534817735 0.99861]	0.02	0.01	0.01	100	120	20	30
